{"type":"Topology","objects":{"ne_110m_wgs84_bounding_box":{"type":null}},"arcs":[],"transform":{"scale":[0.036003600360036005,0.018001800180018002],"translate":[-180,-90]}}